payment_date,decision_date,year,days,usd_amount,spot_decision,spot_payment,forward_rate,budget_rate,garch_vol,h_garch
2015-07-31,2015-06-30,2015,31,18000.0,3.787,3.8185,3.798127507256097,3.511,,0.5
2015-08-28,2015-07-31,2015,28,18000.0,3.8185,4.217,3.828486839465755,3.511,,0.5
2015-09-30,2015-08-28,2015,33,18000.0,4.217,4.448,4.22969476655485,3.511,,0.5
2015-10-30,2015-09-30,2015,30,18000.0,4.448,4.3065,4.461235559405442,3.511,,0.5
2015-11-30,2015-10-30,2015,31,18000.0,4.3065,4.264,4.319776376172226,3.511,,0.5
2015-12-31,2015-11-30,2015,31,18000.0,4.264,4.294,4.276125882158626,3.511,,0.5
2016-01-29,2015-12-31,2016,29,18000.0,4.294,4.15,4.305284725309404,4.326,,0.5
2016-02-29,2016-01-29,2016,31,18000.0,4.15,4.222,4.161583748308711,4.326,4.386048397865733,0.5
2016-03-31,2016-02-29,2016,31,18000.0,4.222,3.927,4.233425607065171,4.326,3.6022714595273913,0.5
2016-04-29,2016-03-31,2016,29,18000.0,3.927,3.909,3.937037409027745,4.326,3.721873474891465,0.5
2016-05-31,2016-04-29,2016,32,18000.0,3.909,4.122,3.9200945083244174,4.326,3.170733707307978,0.5
2016-06-30,2016-05-31,2016,30,18000.0,4.122,4.025,4.132690796625554,4.326,3.1224298147547866,0.5
2016-07-29,2016-06-30,2016,29,18000.0,4.025,4.057,4.035383293674957,4.326,3.602640528710791,0.5
2016-08-30,2016-07-29,2016,32,18000.0,4.057,4.051,4.067588743061385,4.326,3.1501159898123183,0.5
2016-09-30,2016-08-30,2016,31,18000.0,4.051,4.148,4.060999103141858,4.326,2.9225032853585096,0.5
2016-10-31,2016-09-30,2016,31,18000.0,4.148,4.206,4.158346509677029,4.326,3.089406484939701,0.5
2016-11-30,2016-10-31,2016,30,18000.0,4.206,4.468,4.216775538463751,4.326,2.614930925803766,0.5
2016-12-30,2016-11-30,2016,30,18000.0,4.468,4.4875,4.47829719717699,4.326,2.5187437293223525,0.5
2017-01-31,2016-12-30,2017,32,18000.0,4.4875,4.432,4.498448866850161,4.495,1.488438871612497,0.5
2017-02-28,2017-01-31,2017,28,18000.0,4.432,4.447,4.441730838805587,4.495,1.0923943905989402,0.5
2017-03-31,2017-02-28,2017,31,18000.0,4.447,4.429,4.4574758170654984,4.495,0.603926371267133,0.5
2017-04-28,2017-03-31,2017,28,18000.0,4.429,4.349,4.437217028146105,4.495,0.6929762467278441,0.5
2017-05-31,2017-04-28,2017,33,18000.0,4.349,4.278,4.358866558608755,4.495,1.2743496079494472,0.5
2017-06-30,2017-05-31,2017,30,18000.0,4.278,4.2955,4.285969699316865,4.495,1.4105323870823596,0.5
2017-07-31,2017-06-30,2017,31,18000.0,4.2955,4.2805,4.303989321208602,4.495,1.1523514495444034,0.5
2017-08-30,2017-07-31,2017,30,18000.0,4.2805,4.271,4.288045304553793,4.495,0.6900490667163541,0.5
2017-09-29,2017-08-30,2017,30,18000.0,4.271,4.229,4.279407674034336,4.495,0.682437711097572,0.5
2017-10-31,2017-09-29,2017,32,18000.0,4.229,4.232,4.238027712126562,4.495,1.3248796254669724,0.5
2017-11-30,2017-10-31,2017,30,18000.0,4.232,4.0885,4.240293937120302,4.495,0.8412627318360009,0.5
2017-12-29,2017-11-30,2017,29,18000.0,4.0885,4.064,4.095751820457998,4.495,1.4308283457282485,0.5
2018-01-30,2017-12-29,2018,32,18000.0,4.064,3.896,4.070807090325818,4.034,1.3205265451511912,0.5
2018-02-28,2018-01-30,2018,29,18000.0,3.896,3.9275,3.9018421964775425,4.034,1.9399469250940158,0.5
2018-03-30,2018-02-28,2018,30,18000.0,3.9275,3.864,3.9336240098399187,4.034,1.611703330449312,0.5
2018-04-30,2018-03-30,2018,31,18000.0,3.864,3.921,3.8698917458624744,4.034,1.6678285434419915,0.5
2018-05-31,2018-04-30,2018,31,18000.0,3.921,3.979,3.9269786582626196,4.034,0.9712000922412755,0.5
2018-06-29,2018-05-31,2018,29,18000.0,3.979,4.04,3.9842594703626903,4.034,1.2110546978810686,0.5
2018-07-31,2018-06-29,2018,32,18000.0,4.04,4.063,4.045750217413003,4.034,0.9344238197673091,0.5
2018-08-30,2018-07-31,2018,30,18000.0,4.063,4.11,4.06797945325152,4.034,1.08383138525777,0.5
2018-09-28,2018-08-30,2018,29,18000.0,4.11,4.143,4.114770614412453,4.034,0.9268820104655326,0.5
2018-10-31,2018-09-28,2018,33,18000.0,4.143,4.184,4.147826381710464,4.034,0.8870070538073715,0.5
2018-11-30,2018-10-31,2018,30,18000.0,4.184,4.19,4.188153597497108,4.034,0.654462121362235,0.5
2018-12-31,2018-11-30,2018,31,18000.0,4.19,4.141,4.193972463893932,4.034,0.7577996760862883,0.5
2019-01-31,2018-12-31,2019,31,18000.0,4.141,4.091,4.1445682561974655,4.141,1.3170987819159246,0.5
2019-02-28,2019-01-31,2019,28,18000.0,4.091,4.072,4.0941229312229925,4.141,1.4485493607383255,0.5
2019-03-29,2019-02-28,2019,29,18000.0,4.072,4.083,4.0752182813683495,4.141,1.1997037960899262,0.5
2019-04-30,2019-03-29,2019,32,18000.0,4.083,4.1375,4.086524896940406,4.141,1.0323101062260436,0.5
2019-05-31,2019-04-30,2019,31,18000.0,4.1375,4.199,4.140961070066319,4.141,1.0961871902316052,0.5
2019-06-28,2019-05-31,2019,28,18000.0,4.199,4.1435,4.201597754026134,4.141,0.7448324638770828,0.5
2019-07-31,2019-06-28,2019,33,18000.0,4.1435,4.13,4.1472398822848,4.141,1.0866563294830718,0.5
2019-08-30,2019-07-31,2019,30,18000.0,4.13,4.224,4.133906746834052,4.141,0.8274894696833534,0.5
2019-09-30,2019-08-30,2019,31,18000.0,4.224,4.189,4.227836808904484,4.141,1.2068688010606636,0.5
2019-10-31,2019-09-30,2019,31,18000.0,4.189,4.179,4.193560412465294,4.141,1.3684291254174994,0.5
2019-11-29,2019-10-31,2019,29,18000.0,4.179,4.173,4.184200803638496,4.141,0.8945880721957175,0.5
2019-12-31,2019-11-29,2019,32,18000.0,4.173,4.094,4.178508958115453,4.141,1.018670303929878,0.5
2020-01-31,2019-12-31,2020,31,18000.0,4.094,4.09,4.099799026478107,4.088,1.3290134940855352,0.5
2020-02-28,2020-01-31,2020,28,18000.0,4.09,4.229,4.094352071719586,4.088,1.2070299681777457,0.5
2020-03-31,2020-02-28,2020,32,18000.0,4.229,4.31,4.234517849639892,4.088,1.614804185459749,0.5
2020-04-30,2020-03-31,2020,30,18000.0,4.31,4.33,4.319208135984508,4.088,5.711951121806782,1.0
2020-05-29,2020-04-30,2020,29,18000.0,4.33,4.351,4.338732814255412,4.088,2.539593021742966,1.0
2020-06-30,2020-05-29,2020,32,18000.0,4.351,4.283,4.358697665256093,4.088,1.5274574809422061,0.5
2020-07-30,2020-06-30,2020,30,18000.0,4.283,4.245,4.290068628866577,4.088,1.0904865180080425,0.5
2020-08-28,2020-07-30,2020,29,18000.0,4.245,4.176,4.250930859793371,4.088,1.0007638373188326,0.5
2020-09-30,2020-08-28,2020,33,18000.0,4.176,4.161,4.182601968762235,4.088,1.0748852184812738,0.5
2020-10-30,2020-09-30,2020,30,18000.0,4.161,4.16,4.167014999000066,4.088,1.5078647669753606,0.5
2020-11-30,2020-10-30,2020,31,18000.0,4.16,4.072,4.166249320480602,4.088,1.1501723437307811,0.5
2020-12-31,2020-11-30,2020,31,18000.0,4.072,4.016,4.078013378134711,4.088,1.1536162082054149,0.5
2021-01-29,2020-12-31,2021,29,18000.0,4.016,4.056,4.02157998548465,3.999,1.5310217828761317,0.5
2021-02-26,2021-01-29,2021,28,18000.0,4.056,4.052,4.061472832628275,3.999,1.263804802179853,0.5
2021-03-31,2021-02-26,2021,33,18000.0,4.052,4.161,4.058518670388478,3.999,1.1334526406743686,0.5
2021-04-30,2021-03-31,2021,30,18000.0,4.161,4.106,4.1672238731343905,3.999,1.249790653596458,0.5
2021-05-31,2021-04-30,2021,31,18000.0,4.106,4.1395,4.112416069720069,3.999,0.9673498523052612,0.5
2021-06-30,2021-05-31,2021,30,18000.0,4.1395,4.1565,4.145725737217029,3.999,0.9635204300559288,0.5
2021-07-30,2021-06-30,2021,30,18000.0,4.1565,4.233,4.162680875511466,3.999,1.063938384556471,0.5
2021-08-30,2021-07-30,2021,31,18000.0,4.233,4.1705,4.239540396013772,3.999,1.2671365714573155,0.5
2021-09-30,2021-08-30,2021,31,18000.0,4.1705,4.19,4.177015213798647,3.999,1.6500317224744234,1.0
2021-10-29,2021-09-30,2021,29,18000.0,4.19,4.146,4.195922122641037,3.999,0.9896053333385098,0.5
2021-11-30,2021-10-29,2021,32,18000.0,4.146,4.228,4.15257569751531,3.999,1.0098551315657405,0.5
2021-12-31,2021-11-30,2021,31,18000.0,4.228,4.178,4.234349812702101,3.999,1.4192894290943683,0.5
2022-01-31,2021-12-31,2022,31,18000.0,4.178,4.191,4.184490349825077,4.173,1.301934140937776,0.5
2022-02-28,2022-01-31,2022,28,18000.0,4.191,4.203,4.196946297006495,4.173,1.024033018539946,0.5
2022-03-31,2022-02-28,2022,31,18000.0,4.203,4.206,4.209493491420752,4.173,0.8920654048091874,0.5
2022-04-29,2022-03-31,2022,29,18000.0,4.206,4.361,4.2117057267374465,4.173,1.1536062182267546,0.5
2022-05-31,2022-04-29,2022,32,18000.0,4.361,4.378,4.366751707718411,4.173,1.7183593578679357,1.0
2022-06-30,2022-05-31,2022,30,18000.0,4.378,4.407,4.38296329466253,4.173,1.2260176152523439,0.5
2022-07-29,2022-06-30,2022,29,18000.0,4.407,4.451,4.409912003152417,4.173,0.9258963451221025,0.5
2022-08-30,2022-07-29,2022,32,18000.0,4.451,4.486,4.451856849096311,4.173,0.9389232815500735,0.5
2022-09-30,2022-08-30,2022,31,18000.0,4.486,4.643,4.48610562308292,4.173,1.0441784251478496,0.5
2022-10-31,2022-09-30,2022,31,18000.0,4.643,4.728,4.642577071049536,4.173,1.5831036581307039,1.0
2022-11-30,2022-10-31,2022,30,18000.0,4.728,4.48,4.724165858625384,4.173,1.206800271759698,0.5
2022-12-30,2022-11-30,2022,30,18000.0,4.48,4.415,4.476313964669684,4.173,3.8738713784845302,1.0
2023-01-31,2022-12-30,2023,32,18000.0,4.415,4.25,4.410931250822834,4.395,1.5426564166853545,0.5
2023-02-28,2023-01-31,2023,28,18000.0,4.25,4.487,4.244893158602733,4.395,1.9061656122742419,1.0
2023-03-31,2023-02-28,2023,31,18000.0,4.487,4.411,4.480877731952251,4.395,2.131181317579471,1.0
2023-04-28,2023-03-31,2023,28,18000.0,4.411,4.46,4.405120099200638,4.395,2.150610229783306,1.0
2023-05-31,2023-04-28,2023,33,18000.0,4.46,4.62,4.454662738382606,4.395,1.5384717498452736,0.5
2023-06-30,2023-05-31,2023,30,18000.0,4.62,4.682,4.61254883095353,4.395,2.0960907542419225,1.0
2023-07-31,2023-06-30,2023,31,18000.0,4.682,4.543,4.674990062542394,4.395,1.5717131449206039,0.5
2023-08-30,2023-07-31,2023,30,18000.0,4.543,4.641,4.5351438912511055,4.395,2.4286970964342203,1.0
2023-09-29,2023-08-30,2023,30,18000.0,4.641,4.693,4.632935522480408,4.395,1.251688192230817,0.5
2023-10-31,2023-09-29,2023,32,18000.0,4.693,4.768,4.684549762171594,4.395,1.2787674372585047,0.5
2023-11-30,2023-10-31,2023,30,18000.0,4.768,4.655,4.75998795901674,4.395,1.3412658414162084,0.5
2023-12-29,2023-11-30,2023,29,18000.0,4.655,4.595,4.647584785888042,4.395,2.0961256154353975,1.0
2024-01-31,2023-12-29,2024,33,18000.0,4.595,4.733,4.586466928096367,4.605,2.1390855255152728,1.0
2024-02-29,2024-01-31,2024,29,18000.0,4.733,4.765,4.725161888935132,4.605,1.2073015471586137,0.5
2024-03-29,2024-02-29,2024,29,18000.0,4.765,4.731,4.756994420435037,4.605,1.1701447346908107,0.5
2024-04-30,2024-03-29,2024,32,18000.0,4.731,4.77,4.722398772917654,4.605,1.847808573119505,1.0
2024-05-31,2024-04-30,2024,31,18000.0,4.77,4.707,4.761517474067222,4.605,1.1469400907508243,0.5
2024-06-28,2024-05-31,2024,28,18000.0,4.707,4.722,4.699580527347441,4.605,1.3205341548456255,0.5
2024-07-31,2024-06-28,2024,33,18000.0,4.722,4.609,4.7134040925878375,4.605,1.05030594587976,0.5
2024-08-30,2024-07-31,2024,30,18000.0,4.609,4.318,4.601067017451978,4.605,1.609937113111904,0.5
2024-09-30,2024-08-30,2024,31,18000.0,4.318,4.11,4.311092403513924,4.605,2.4677454953396456,1.0
2024-10-30,2024-09-30,2024,30,18000.0,4.11,4.399,4.104764945588215,4.605,3.501056071193588,1.0
2024-11-29,2024-10-30,2024,30,18000.0,4.399,4.442,4.393652123909111,4.605,1.8570903128262939,1.0
2024-12-31,2024-11-29,2024,32,18000.0,4.442,4.473,4.4367126198273885,4.605,1.5562363367148213,0.5
2025-01-31,2024-12-31,2025,31,18000.0,4.473,4.423,4.469144321449908,4.48,1.7170461808723294,1.0
2025-02-28,2025-01-31,2025,28,18000.0,4.423,4.468,4.419418129938602,4.48,2.5841428021480395,1.0
2025-03-28,2025-02-28,2025,28,18000.0,4.468,4.435,4.464416742934684,4.48,1.9688936294469495,1.0
2025-04-30,2025-03-28,2025,33,18000.0,4.435,4.32,4.431209946200879,4.48,1.3754840297203976,0.5
2025-05-30,2025-04-30,2025,30,18000.0,4.32,4.242,4.316324681525021,4.48,2.5107764934048102,1.0
2025-06-30,2025-05-30,2025,31,18000.0,4.242,4.22,4.238307543501755,4.48,2.919030658134175,1.0
2025-07-31,2025-06-30,2025,31,18000.0,4.22,4.256,4.216793751552278,4.48,1.9734937845853031,1.0
2025-08-29,2025-07-31,2025,29,18000.0,4.256,4.22,4.251384300719984,4.48,1.5412603974502002,0.5
2025-09-30,2025-08-29,2025,32,18000.0,4.22,4.217,4.215175182946615,4.48,1.7470912793646376,0.5
2025-10-31,2025-09-30,2025,31,18000.0,4.217,4.194,4.213230122959875,4.48,1.3290661779909092,0.5
2025-11-28,2025-10-31,2025,28,18000.0,4.194,4.131,4.19097108278066,4.48,1.2058542695889904,0.5
2025-12-31,2025-11-28,2025,33,18000.0,4.131,4.06,4.127709023183379,4.48,1.6756328476095876,0.5
2026-01-30,2025-12-31,2026,30,18000.0,4.06,3.943,4.057704809367682,4.06,1.49706880075837,0.5
2026-02-27,2026-01-30,2026,28,18000.0,3.943,3.887,3.9407667173105922,4.06,2.596299349252859,1.0
2026-03-31,2026-02-27,2026,32,18000.0,3.887,4.04,3.8845528739595667,4.06,1.5512358938950328,0.5
2026-04-30,2026-03-31,2026,30,18000.0,4.04,3.973,4.037647701515448,4.06,2.2908674174315125,1.0
2026-05-29,2026-04-30,2026,29,18000.0,3.973,3.968,3.9708278036522837,4.06,1.6435131210091907,0.5
2026-06-30,2026-05-29,2026,32,18000.0,3.968,4.073,3.9655712311653386,4.06,1.8891317028409942,1.0
2026-07-31,2026-06-30,2026,31,18000.0,4.073,4.092,4.070895911572725,4.06,2.685663363255632,1.0
2026-08-28,2026-07-31,2026,28,18000.0,4.092,4.031,4.089995348019934,4.06,1.0906784623200456,0.5
